estacion,fecha_hora,no2,pm10,pm25
E01,2026-10-05T00:00:00,28.0,18.0,9.9
E01,2026-10-05T01:00:00,51.3,23.0,12.7
E01,2026-10-05T02:00:00,44,28.0,15.4
E01,2026-10-05T03:00:00,38.0,22.0,12.1
E01,2026-10-05T04:00:00,31.3,27.0,14.9
E01,2026-10-05T05:00:00,,21.0,11.6
E01,2026-10-05T06:00:00,48.0,26.0,14.3
E01,2026-10-05T07:00:00,47.3,20.0,11.0
E01,2026-10-05T08:00:00,40.7,25.0,13.8
E01,2026-10-05T09:00:00,34.0,19.0,10.5
E01,2026-10-05T10:00:00,-5.0,24.0,13.2
E01,2026-10-05T11:00:00,44.7,22.0,23.5
E01,2026-10-05T12:00:00,38.0,23.0,12.7
E01,2026-10-05T13:00:00,31.3,28.0,15.4
E01,2026-10-05T14:00:00,54.7,22.0,12.1
E01,2026-10-05T15:00:00,48.0,27.0,14.9
E01,2026-10-05T16:00:00,41.3,21.0,11.6
E01,2026-10-05T17:00:00,,26.0,14.3
E01,2026-10-05T18:00:00,34.0,20.0,11.0
E01,2026-10-05T19:00:00,57.3,25.0,13.8
E01,2026-10-05T20:00:00,50.7,19.0,10.5
E01,2026-10-05T21:00:00,38.0,24.0,13.2
E01,2026-10-05T22:00:00,31.3,18.0,9.9
E01,2026-10-05T23:00:00,54.7,23.0,12.7
E02,2026-10-05T00:00:00,44.7,21.0,11.6
E02,2026-10-05T01:00:00,38.0,26.0,14.3
E02,2026-10-05T02:00:00,31.3,20.0,11.0
E02,2026-10-05T03:00:00,54.7,25.0,13.8
E02,2026-10-05T04:00:00,48.0,19.0,10.5
E02,2026-10-05T05:00:00,41.3,24.0,13.2
E02,2026-10-05T06:00:00,,18.0,9.9
E02,2026-10-05T07:00:00,34.0,23.0,12.7
E02,2026-10-05T08:00:00,57.3,28.0,15.4
E02,2026-10-05T09:00:00,50.7,22.0,12.1
E02,2026-10-05T10:00:00,38.0,27.0,14.9
E02,2026-10-05T11:00:00,31.3,21.0,11.6
E02,2026-10-05T12:00:00,54,26.0,14.3
E02,2026-10-05T13:00:00,48.0,20.0,11.0
E02,2026-10-05T14:00:00,41.3,25.0,13.8
E02,2026-10-05T15:00:00,5000.0,19.0,10.5
E02,2026-10-05T16:00:00,28.0,24.0,13.2
E02,2026-10-05T17:00:00,51.3,18.0,9.9
E02,2026-10-05T18:00:00,50.7,23.0,12.7
E02,2026-10-05T19:00:00,44.0,28.0,15.4
E02,2026-10-05T20:00:00,37.3,18.0,19.2
E02,2026-10-05T21:00:00,54.7,27.0,14.9
E02,2026-10-05T22:00:00,48,21.0,11.6
E02,2026-10-05T23:00:00,41.3,26.0,14.3
E02,2026-10-05T09:00:00,50.7,22.0,12.1
E01,2026-10-05T14:00:00,54.7,22.0,12.1
